{"name":"Crear un cliente exitosamente","id":"como-usuario-autenticado-quiero-crear-un-cliente-(tercero);crear-un-cliente-exitosamente","scenarioId":"registroterceros:Crear un cliente exitosamente","methodName":"Crear un cliente exitosamente","testSteps":[{"number":1,"description":"Given que el usuario inicia sesión en la aplicación","duration":62568,"startTime":"2025-09-29T06:12:46.021577900-05:00[America/Bogota]","screenshots":[{"screenshot":"aa5143125ea0eec434babb7f71469811ac2967d5c6902e0832074a97e17f3db6.png","timeStamp":1759144428590,"screenshotName":"aa5143125ea0eec434babb7f71469811ac2967d5c6902e0832074a97e17f3db6.png"}],"result":"SUCCESS","precondition":false,"level":0,"children":[{"number":2,"description":"Usuario abrir pagina web","duration":3668,"startTime":"2025-09-29T06:12:46.218635800-05:00[America/Bogota]","screenshots":[{"screenshot":"c099f19327763d917a09196d35b47030970da37dc3ef351378683e4b21885997.png","timeStamp":1759144369886,"screenshotName":"c099f19327763d917a09196d35b47030970da37dc3ef351378683e4b21885997.png"}],"result":"SUCCESS","precondition":false,"level":1,"children":[{"number":3,"description":"usuario opens the Abrir pagina web page","duration":3646,"startTime":"2025-09-29T06:12:46.234786700-05:00[America/Bogota]","screenshots":[{"screenshot":"c099f19327763d917a09196d35b47030970da37dc3ef351378683e4b21885997.png","timeStamp":1759144369879,"screenshotName":"c099f19327763d917a09196d35b47030970da37dc3ef351378683e4b21885997.png"}],"result":"SUCCESS","precondition":false,"level":2}]},{"number":4,"description":"Usuario login","duration":58698,"startTime":"2025-09-29T06:12:49.889918-05:00[America/Bogota]","screenshots":[{"screenshot":"c099f19327763d917a09196d35b47030970da37dc3ef351378683e4b21885997.png","timeStamp":1759144369893,"screenshotName":"c099f19327763d917a09196d35b47030970da37dc3ef351378683e4b21885997.png"},{"screenshot":"aa5143125ea0eec434babb7f71469811ac2967d5c6902e0832074a97e17f3db6.png","timeStamp":1759144428587,"screenshotName":"aa5143125ea0eec434babb7f71469811ac2967d5c6902e0832074a97e17f3db6.png"}],"result":"SUCCESS","precondition":false,"level":1,"children":[{"number":5,"description":"usuario enters \u0027retoautomationsiigo2@yopmail.com\u0027 into campo usuario","duration":1467,"startTime":"2025-09-29T06:13:07.124906800-05:00[America/Bogota]","screenshots":[{"screenshot":"78ba74f8424f8cc241ebca6f49f22dc82c6793381c11b4bcb0a05a3cacac5177.png","timeStamp":1759144387219,"screenshotName":"78ba74f8424f8cc241ebca6f49f22dc82c6793381c11b4bcb0a05a3cacac5177.png"},{"screenshot":"3aa8c78c635d97c042a5d02397b283361495df7ac550cb2ec0a0ce3af30642d9.png","timeStamp":1759144388586,"screenshotName":"3aa8c78c635d97c042a5d02397b283361495df7ac550cb2ec0a0ce3af30642d9.png"}],"result":"SUCCESS","precondition":false,"level":2},{"number":6,"description":"usuario enters \u0027J1h4{zMTV3\u0027 into campo clave","duration":202,"startTime":"2025-09-29T06:13:08.593378900-05:00[America/Bogota]","screenshots":[{"screenshot":"3aa8c78c635d97c042a5d02397b283361495df7ac550cb2ec0a0ce3af30642d9.png","timeStamp":1759144388594,"screenshotName":"3aa8c78c635d97c042a5d02397b283361495df7ac550cb2ec0a0ce3af30642d9.png"},{"screenshot":"8eb9d58d80fdf90ea9cea76f415f93f5fa6b22a55aa880788ba0f0d468e63799.png","timeStamp":1759144388788,"screenshotName":"8eb9d58d80fdf90ea9cea76f415f93f5fa6b22a55aa880788ba0f0d468e63799.png"}],"result":"SUCCESS","precondition":false,"level":2},{"number":7,"description":"usuario clicks on boton continuar","duration":199,"startTime":"2025-09-29T06:13:08.797440900-05:00[America/Bogota]","screenshots":[{"screenshot":"8eb9d58d80fdf90ea9cea76f415f93f5fa6b22a55aa880788ba0f0d468e63799.png","timeStamp":1759144388800,"screenshotName":"8eb9d58d80fdf90ea9cea76f415f93f5fa6b22a55aa880788ba0f0d468e63799.png"},{"screenshot":"74068b6e15095a148fd66c3aac6aa1bb5eb3f29423ade7b340f3b1844aeb01d5.png","timeStamp":1759144388994,"screenshotName":"74068b6e15095a148fd66c3aac6aa1bb5eb3f29423ade7b340f3b1844aeb01d5.png"}],"result":"SUCCESS","precondition":false,"level":2},{"number":8,"description":"usuario clicks on buton  Crear","duration":369,"startTime":"2025-09-29T06:13:47.938631700-05:00[America/Bogota]","screenshots":[{"screenshot":"92d743df49326eb119754a9fb63264e372271b3992a26b2c84214765e4c29af2.png","timeStamp":1759144428057,"screenshotName":"92d743df49326eb119754a9fb63264e372271b3992a26b2c84214765e4c29af2.png"},{"screenshot":"1baf7cf80c8536d3d65f328bd09f88f153b97f6c6cbb25f449a20e20806cdd5e.png","timeStamp":1759144428304,"screenshotName":"1baf7cf80c8536d3d65f328bd09f88f153b97f6c6cbb25f449a20e20806cdd5e.png"}],"result":"SUCCESS","precondition":false,"level":2},{"number":9,"description":"usuario clicks on opciòn clientes","duration":274,"startTime":"2025-09-29T06:13:48.309783800-05:00[America/Bogota]","screenshots":[{"screenshot":"1baf7cf80c8536d3d65f328bd09f88f153b97f6c6cbb25f449a20e20806cdd5e.png","timeStamp":1759144428311,"screenshotName":"1baf7cf80c8536d3d65f328bd09f88f153b97f6c6cbb25f449a20e20806cdd5e.png"},{"screenshot":"aa5143125ea0eec434babb7f71469811ac2967d5c6902e0832074a97e17f3db6.png","timeStamp":1759144428581,"screenshotName":"aa5143125ea0eec434babb7f71469811ac2967d5c6902e0832074a97e17f3db6.png"}],"result":"SUCCESS","precondition":false,"level":2}]}]},{"number":10,"description":"When crea un tercero con los siguientes datos\r\n| Tipo | Es persona |\r\n| TipoIdentificación | Cédula de ciudadanía |\r\n| Identificación | 115218161 |\r\n| Nombres | Daisy |\r\n| Apellidos | Mosquera |\r\n| Ciudad | Medellín |\r\n| Dirección | Calle 123 |","duration":54301,"startTime":"2025-09-29T06:13:48.590448100-05:00[America/Bogota]","screenshots":[{"screenshot":"5615ba6d86975a0e628fa65ce0d57b7cd0eac725a6a18e0eb7f1dcd2c97aab16.png","timeStamp":1759144482892,"screenshotName":"5615ba6d86975a0e628fa65ce0d57b7cd0eac725a6a18e0eb7f1dcd2c97aab16.png"}],"result":"SUCCESS","precondition":false,"level":0,"children":[{"number":11,"description":"Usuario crear tercero","duration":54286,"startTime":"2025-09-29T06:13:48.603575800-05:00[America/Bogota]","screenshots":[{"screenshot":"5615ba6d86975a0e628fa65ce0d57b7cd0eac725a6a18e0eb7f1dcd2c97aab16.png","timeStamp":1759144482890,"screenshotName":"5615ba6d86975a0e628fa65ce0d57b7cd0eac725a6a18e0eb7f1dcd2c97aab16.png"}],"result":"SUCCESS","precondition":false,"level":1,"children":[{"number":12,"description":"usuario clicks on Campo tipo","duration":369,"startTime":"2025-09-29T06:14:31.107559400-05:00[America/Bogota]","screenshots":[{"screenshot":"0c8e570ffb5e4299d733c5fc8cad860d3c7e4a904f1d25191896da301f97251c.png","timeStamp":1759144471238,"screenshotName":"0c8e570ffb5e4299d733c5fc8cad860d3c7e4a904f1d25191896da301f97251c.png"},{"screenshot":"2ea52ca6c2962f60d50165ee828714c83efd7d1cd2da55920cd5cdbd2a6f4e7b.png","timeStamp":1759144471474,"screenshotName":"2ea52ca6c2962f60d50165ee828714c83efd7d1cd2da55920cd5cdbd2a6f4e7b.png"}],"result":"SUCCESS","precondition":false,"level":2},{"number":13,"description":"usuario clicks on List item with label Es persona","duration":2368,"startTime":"2025-09-29T06:14:31.478404200-05:00[America/Bogota]","screenshots":[{"screenshot":"2ea52ca6c2962f60d50165ee828714c83efd7d1cd2da55920cd5cdbd2a6f4e7b.png","timeStamp":1759144471481,"screenshotName":"2ea52ca6c2962f60d50165ee828714c83efd7d1cd2da55920cd5cdbd2a6f4e7b.png"},{"screenshot":"be7efbd2d94a21f4b8239dac037b549869d1d5fd051618344aeee9415a9e2cd7.png","timeStamp":1759144473845,"screenshotName":"be7efbd2d94a21f4b8239dac037b549869d1d5fd051618344aeee9415a9e2cd7.png"}],"result":"SUCCESS","precondition":false,"level":2},{"number":14,"description":"usuario clicks on Select type identification","duration":285,"startTime":"2025-09-29T06:14:33.847709200-05:00[America/Bogota]","screenshots":[{"screenshot":"be7efbd2d94a21f4b8239dac037b549869d1d5fd051618344aeee9415a9e2cd7.png","timeStamp":1759144473848,"screenshotName":"be7efbd2d94a21f4b8239dac037b549869d1d5fd051618344aeee9415a9e2cd7.png"},{"screenshot":"7dcee6a9ea720859a248a4c549087819973f4e56af35ae2ae93c772fa1160ecc.png","timeStamp":1759144474130,"screenshotName":"7dcee6a9ea720859a248a4c549087819973f4e56af35ae2ae93c772fa1160ecc.png"}],"result":"SUCCESS","precondition":false,"level":2},{"number":15,"description":"usuario clicks on List item with label Cédula de ciudadanía","duration":264,"startTime":"2025-09-29T06:14:34.133623100-05:00[America/Bogota]","screenshots":[{"screenshot":"7dcee6a9ea720859a248a4c549087819973f4e56af35ae2ae93c772fa1160ecc.png","timeStamp":1759144474138,"screenshotName":"7dcee6a9ea720859a248a4c549087819973f4e56af35ae2ae93c772fa1160ecc.png"},{"screenshot":"e553adab128c0fb7f80e93771401864ef3780956cab3abcb00a8f4650b84a8e9.png","timeStamp":1759144474396,"screenshotName":"e553adab128c0fb7f80e93771401864ef3780956cab3abcb00a8f4650b84a8e9.png"}],"result":"SUCCESS","precondition":false,"level":2},{"number":16,"description":"usuario enters \u0027115218161\u0027 into número de identificación","duration":279,"startTime":"2025-09-29T06:14:34.398567200-05:00[America/Bogota]","screenshots":[{"screenshot":"e553adab128c0fb7f80e93771401864ef3780956cab3abcb00a8f4650b84a8e9.png","timeStamp":1759144474401,"screenshotName":"e553adab128c0fb7f80e93771401864ef3780956cab3abcb00a8f4650b84a8e9.png"},{"screenshot":"c9bf61d5d4665cc6db9a755a2a53676016e933f980faf5d6de63dde8f0d3d130.png","timeStamp":1759144474674,"screenshotName":"c9bf61d5d4665cc6db9a755a2a53676016e933f980faf5d6de63dde8f0d3d130.png"}],"result":"SUCCESS","precondition":false,"level":2},{"number":17,"description":"usuario enters \u0027Daisy\u0027 into nombres","duration":251,"startTime":"2025-09-29T06:14:34.678743200-05:00[America/Bogota]","screenshots":[{"screenshot":"c9bf61d5d4665cc6db9a755a2a53676016e933f980faf5d6de63dde8f0d3d130.png","timeStamp":1759144474680,"screenshotName":"c9bf61d5d4665cc6db9a755a2a53676016e933f980faf5d6de63dde8f0d3d130.png"},{"screenshot":"acc6540b7a5ed107bf6f3d8ea7cd515cc5679a919a02249870bbf41088e6e754.png","timeStamp":1759144474928,"screenshotName":"acc6540b7a5ed107bf6f3d8ea7cd515cc5679a919a02249870bbf41088e6e754.png"}],"result":"SUCCESS","precondition":false,"level":2},{"number":18,"description":"usuario enters \u0027Mosquera\u0027 into apellidos","duration":226,"startTime":"2025-09-29T06:14:34.931252-05:00[America/Bogota]","screenshots":[{"screenshot":"acc6540b7a5ed107bf6f3d8ea7cd515cc5679a919a02249870bbf41088e6e754.png","timeStamp":1759144474933,"screenshotName":"acc6540b7a5ed107bf6f3d8ea7cd515cc5679a919a02249870bbf41088e6e754.png"},{"screenshot":"d247d2d4941f8fe096a57a3c32bb6264190229a3dedbf18cce0e37fccf400b6f.png","timeStamp":1759144475155,"screenshotName":"d247d2d4941f8fe096a57a3c32bb6264190229a3dedbf18cce0e37fccf400b6f.png"}],"result":"SUCCESS","precondition":false,"level":2},{"number":19,"description":"usuario enters \u0027jose\u0027 into campo comercial","duration":214,"startTime":"2025-09-29T06:14:35.158498200-05:00[America/Bogota]","screenshots":[{"screenshot":"d247d2d4941f8fe096a57a3c32bb6264190229a3dedbf18cce0e37fccf400b6f.png","timeStamp":1759144475160,"screenshotName":"d247d2d4941f8fe096a57a3c32bb6264190229a3dedbf18cce0e37fccf400b6f.png"},{"screenshot":"ab1f354a9dc4ccb0371b79ae90f31366e7645f0a9ace6227d19a6c12fb6137c7.png","timeStamp":1759144475370,"screenshotName":"ab1f354a9dc4ccb0371b79ae90f31366e7645f0a9ace6227d19a6c12fb6137c7.png"}],"result":"SUCCESS","precondition":false,"level":2},{"number":20,"description":"usuario enters \u0027Calle 123\u0027 into dirección","duration":252,"startTime":"2025-09-29T06:14:35.374420-05:00[America/Bogota]","screenshots":[{"screenshot":"ab1f354a9dc4ccb0371b79ae90f31366e7645f0a9ace6227d19a6c12fb6137c7.png","timeStamp":1759144475376,"screenshotName":"ab1f354a9dc4ccb0371b79ae90f31366e7645f0a9ace6227d19a6c12fb6137c7.png"},{"screenshot":"31004d409168578c99dc591209c902d116ebb38ec5125afca001372b2bd4b234.png","timeStamp":1759144475622,"screenshotName":"31004d409168578c99dc591209c902d116ebb38ec5125afca001372b2bd4b234.png"}],"result":"SUCCESS","precondition":false,"level":2},{"number":21,"description":"usuario clicks on City input in shadow","duration":232,"startTime":"2025-09-29T06:14:35.626548200-05:00[America/Bogota]","screenshots":[{"screenshot":"31004d409168578c99dc591209c902d116ebb38ec5125afca001372b2bd4b234.png","timeStamp":1759144475629,"screenshotName":"31004d409168578c99dc591209c902d116ebb38ec5125afca001372b2bd4b234.png"},{"screenshot":"38bb32ecbb3b69c415603f9f5dcb83bf64bf29be5f47576e302abffe4bcb912b.png","timeStamp":1759144475856,"screenshotName":"38bb32ecbb3b69c415603f9f5dcb83bf64bf29be5f47576e302abffe4bcb912b.png"}],"result":"SUCCESS","precondition":false,"level":2},{"number":22,"description":"usuario enters \u0027Medellín\u0027 into campo ciudad","duration":221,"startTime":"2025-09-29T06:14:35.859930500-05:00[America/Bogota]","screenshots":[{"screenshot":"38bb32ecbb3b69c415603f9f5dcb83bf64bf29be5f47576e302abffe4bcb912b.png","timeStamp":1759144475864,"screenshotName":"38bb32ecbb3b69c415603f9f5dcb83bf64bf29be5f47576e302abffe4bcb912b.png"},{"screenshot":"1ef859ff720bb96d009abbc38f9857e839576357b84c0fec085da91722cbf88e.png","timeStamp":1759144476078,"screenshotName":"1ef859ff720bb96d009abbc38f9857e839576357b84c0fec085da91722cbf88e.png"}],"result":"SUCCESS","precondition":false,"level":2},{"number":23,"description":"usuario clicks on City input in shadow","duration":803,"startTime":"2025-09-29T06:14:36.081251600-05:00[America/Bogota]","screenshots":[{"screenshot":"1ef859ff720bb96d009abbc38f9857e839576357b84c0fec085da91722cbf88e.png","timeStamp":1759144476083,"screenshotName":"1ef859ff720bb96d009abbc38f9857e839576357b84c0fec085da91722cbf88e.png"},{"screenshot":"52d048ac883c6878d13bca46232e189826347909ff5950639e30dc05ac58dca2.png","timeStamp":1759144476882,"screenshotName":"52d048ac883c6878d13bca46232e189826347909ff5950639e30dc05ac58dca2.png"}],"result":"SUCCESS","precondition":false,"level":2},{"number":24,"description":"usuario clicks on Icono contacto","duration":5541,"startTime":"2025-09-29T06:14:36.884361500-05:00[America/Bogota]","screenshots":[{"screenshot":"52d048ac883c6878d13bca46232e189826347909ff5950639e30dc05ac58dca2.png","timeStamp":1759144476885,"screenshotName":"52d048ac883c6878d13bca46232e189826347909ff5950639e30dc05ac58dca2.png"},{"screenshot":"d271aa6ee4c423e4c615ee5be182efc01420be3b5c11286825cafe61eb5e2012.png","timeStamp":1759144482423,"screenshotName":"d271aa6ee4c423e4c615ee5be182efc01420be3b5c11286825cafe61eb5e2012.png"}],"result":"SUCCESS","precondition":false,"level":2},{"number":25,"description":"usuario enters \u0027juan\u0027 into nombre contacto","duration":45,"startTime":"2025-09-29T06:14:42.426628700-05:00[America/Bogota]","screenshots":[{"screenshot":"d271aa6ee4c423e4c615ee5be182efc01420be3b5c11286825cafe61eb5e2012.png","timeStamp":1759144482428,"screenshotName":"d271aa6ee4c423e4c615ee5be182efc01420be3b5c11286825cafe61eb5e2012.png"}],"result":"SUCCESS","precondition":false,"level":2},{"number":26,"description":"usuario clicks on botón guardar","duration":415,"startTime":"2025-09-29T06:14:42.473363500-05:00[America/Bogota]","screenshots":[{"screenshot":"5c9ac00c8c52ab3662f2dc442e01bbf72963dc6cdbbb81115850bb88e87b7642.png","timeStamp":1759144482618,"screenshotName":"5c9ac00c8c52ab3662f2dc442e01bbf72963dc6cdbbb81115850bb88e87b7642.png"},{"screenshot":"5615ba6d86975a0e628fa65ce0d57b7cd0eac725a6a18e0eb7f1dcd2c97aab16.png","timeStamp":1759144482887,"screenshotName":"5615ba6d86975a0e628fa65ce0d57b7cd0eac725a6a18e0eb7f1dcd2c97aab16.png"}],"result":"SUCCESS","precondition":false,"level":2}]}]},{"number":27,"description":"Then el tercero debería quedar registrado correctamente","duration":284,"startTime":"2025-09-29T06:14:42.892226400-05:00[America/Bogota]","screenshots":[{"screenshot":"0f25b48b9427fb5a42d5985ae926e5bf3cad726dc4aecfb802e710670b57e202.png","timeStamp":1759144483176,"screenshotName":"0f25b48b9427fb5a42d5985ae926e5bf3cad726dc4aecfb802e710670b57e202.png"}],"result":"SUCCESS","precondition":false,"level":0,"children":[{"number":28,"description":"Then El mensaje de \u0026eacute;xito es correcto should be \u0027Tercero guardado exitosamente\u0027","duration":206,"startTime":"2025-09-29T06:14:42.969082100-05:00[America/Bogota]","screenshots":[{"screenshot":"0f25b48b9427fb5a42d5985ae926e5bf3cad726dc4aecfb802e710670b57e202.png","timeStamp":1759144483165,"screenshotName":"0f25b48b9427fb5a42d5985ae926e5bf3cad726dc4aecfb802e710670b57e202.png"}],"result":"SUCCESS","precondition":false,"level":1}]}],"userStory":{"id":"registroterceros","storyName":"Como usuario autenticado Quiero crear un cliente (tercero)","displayName":"Como usuario autenticado Quiero crear un cliente (tercero)","path":"registroterceros","pathElements":[{"name":"registroterceros","description":""}],"narrative":"        en el sistema de siigo","type":"feature"},"title":"Crear un cliente exitosamente","description":"","tags":[{"name":"Chrome","type":"context","displayName":"Chrome"},{"name":"Windows","type":"context","displayName":"Windows"},{"name":"Chrome, Windows","type":"context","displayName":"Chrome, Windows"}],"startTime":"2025-09-29T06:12:45.913849700-05:00[America/Bogota]","endTime":"2025-09-29T06:14:43.177793800-05:00[America/Bogota]","duration":3723,"projectKey":"","sessionId":"4b54bdf936e0a43c76361ffe12eeb662","driver":"chrome","isManualTestingUpToDate":false,"context":"chrome,windows","manual":false,"testSource":"Cucumber","actors":[{"name":"usuario","can":["browse the web"]}],"order":0,"result":"SUCCESS"}